iter	Logloss
0	0.01035074376
1	0.0006744880319
2	0.0001749855495
3	0.0001030204253
4	7.753779946e-05
5	7.753896061e-05
6	7.747670207e-05
7	7.748041413e-05
8	7.748600486e-05
9	7.748600486e-05
10	7.744545283e-05
11	7.74610186e-05
12	7.74594704e-05
13	7.744167966e-05
14	7.743828674e-05
